{"cameraMode":{"drawMode":0,"name":"Shaded","section":"Shading Mode"},"sceneLighting":false,"audioPlay":false,"sceneViewState":{"m_AlwaysRefresh":false,"showFog":true,"showSkybox":false,"showFlares":true,"showImageEffects":true,"showParticleSystems":true,"showVisualEffectGraphs":true,"m_FxEnabled":true},"in2DMode":false,"pivot":{"x":-0.15976476669311524,"y":2.861121654510498,"z":13.759008407592774},"rotation":{"x":0.0949619710445404,"y":0.5374631285667419,"z":-0.06099730730056763,"w":0.8357848525047302},"size":2.2639389038085939,"orthographic":false}